[
  {
    "firstname":"Felipe",
    "lastname":"Caldas",
    "addresses": [
      {
        "line1":"48/21-69 Regent St",
        "city":"Redfern",
        "postcode":"2016",
        "country":"Australia"
      }
    ]
  },
  {
    "firstname":"Felipe",
    "lastname":"Caldas",
    "addresses": [
      {
        "line1":"48/21-69 Regent St",
        "city":"Redfern",
        "postcode":"2016",
        "country":"Australia"
      },
      {
        "line1":"48/21-69 Regent St",
        "city":"Redfern",
        "postcode":"2016",
        "country":"Australia"
      }
    ]
  }
]
