<?xml version="1.0" encoding="UTF-8"?>
<mule xmlns:doc="http://www.mulesoft.org/schema/mule/documentation" xmlns="http://www.mulesoft.org/schema/mule/core" xmlns:apikit="http://www.mulesoft.org/schema/mule/apikit" xmlns:http="http://www.mulesoft.org/schema/mule/http" xmlns:spring="http://www.springframework.org/schema/beans" xmlns:xsi="http://www.w3.org/2001/XMLSchema-instance" xsi:schemaLocation="http://www.mulesoft.org/schema/mule/core http://www.mulesoft.org/schema/mule/core/current/mule.xsd
http://www.mulesoft.org/schema/mule/http http://www.mulesoft.org/schema/mule/http/current/mule-http.xsd
http://www.mulesoft.org/schema/mule/apikit http://www.mulesoft.org/schema/mule/apikit/current/mule-apikit.xsd
http://www.springframework.org/schema/beans http://www.springframework.org/schema/beans/spring-beans-3.1.xsd">
    <http:listener-config name="api_spec-httpListenerConfig" host="0.0.0.0" port="8081" doc:name="HTTP Listener Configuration"/>
    <apikit:config name="api_spec-config" raml="api_spec.raml" consoleEnabled="true" doc:name="Router"/>
    <flow name="api_spec-main">
        <http:listener config-ref="api_spec-httpListenerConfig" path="/api/*" doc:name="HTTP"/>
        <apikit:router config-ref="api_spec-config" doc:name="APIkit Router"/>
        <exception-strategy ref="api_spec-apiKitGlobalExceptionMapping" doc:name="Reference Exception Strategy"/>
    </flow>
    <flow name="api_spec-console">
        <http:listener config-ref="api_spec-httpListenerConfig" path="/console/*" doc:name="HTTP"/>
        <apikit:console config-ref="api_spec-config" doc:name="APIkit Console"/>
    </flow>
    <flow name="put:/customers/{customer_id}:application/json:api_spec-config">
        <set-property propertyName="Content-Type" value="application/json" doc:name="Property"/>
        <set-payload value="{&#xA;&quot;message&quot; : &quot;Customer updated&quot;&#xA;}" doc:name="Set Payload"/>
    </flow>
    <flow name="delete:/customers/{customer_id}:api_spec-config">
        <set-property propertyName="Content-Type" value="application/json" doc:name="Property"/>
        <set-payload value="{&#xA;&quot;message&quot; : &quot;Customer deleted&quot;&#xA;}" doc:name="Set Payload"/>
    </flow>
    <flow name="get:/customers:api_spec-config">
        <set-payload value="[&#xA;  {&#xA;    &quot;firstname&quot;:&quot;Felipe&quot;,&#xA;    &quot;lastname&quot;:&quot;Caldas&quot;,&#xA;    &quot;addresses&quot;: [&#xA;      {&#xA;        &quot;line1&quot;:&quot;48/21-69 Regent St&quot;,&#xA;        &quot;city&quot;:&quot;Redfern&quot;,&#xA;        &quot;postcode&quot;:&quot;2016&quot;,&#xA;        &quot;country&quot;:&quot;Australia&quot;&#xA;      }&#xA;    ]&#xA;  },&#xA;  {&#xA;    &quot;firstname&quot;:&quot;Felipe&quot;,&#xA;    &quot;lastname&quot;:&quot;Caldas&quot;,&#xA;    &quot;addresses&quot;: [&#xA;      {&#xA;        &quot;line1&quot;:&quot;48/21-69 Regent St&quot;,&#xA;        &quot;city&quot;:&quot;Redfern&quot;,&#xA;        &quot;postcode&quot;:&quot;2016&quot;,&#xA;        &quot;country&quot;:&quot;Australia&quot;&#xA;      },&#xA;      {&#xA;        &quot;line1&quot;:&quot;48/21-69 Regent St&quot;,&#xA;        &quot;city&quot;:&quot;Redfern&quot;,&#xA;        &quot;postcode&quot;:&quot;2016&quot;,&#xA;        &quot;country&quot;:&quot;Australia&quot;&#xA;      }&#xA;    ]&#xA;  }&#xA;]" doc:name="Set Payload"/>
    </flow>
    <flow name="get:/customers/{customer_id}:api_spec-config">
        <set-payload value="{&#xA;  &quot;firstname&quot;:&quot;Felipe&quot;,&#xA;  &quot;lastname&quot;:&quot;Caldas&quot;,&#xA;  &quot;addresses&quot;: [&#xA;    {&#xA;      &quot;line1&quot;:&quot;48/21-69 Regent St&quot;,&#xA;      &quot;city&quot;:&quot;Redfern&quot;,&#xA;      &quot;postcode&quot;:&quot;2016&quot;,&#xA;      &quot;country&quot;:&quot;Australia&quot;&#xA;    }&#xA;  ]&#xA;}" doc:name="Set Payload"/>
    </flow>
    <flow name="post:/customers:api_spec-config">
        <set-property propertyName="Content-Type" value="application/json" doc:name="Property"/>
        <set-payload value="{&#xA;&quot;message&quot; : &quot;New customer created!&quot;&#xA;}" doc:name="Set Payload"/>
    </flow>
    <apikit:mapping-exception-strategy name="api_spec-apiKitGlobalExceptionMapping">
        <apikit:mapping statusCode="404">
            <apikit:exception value="org.mule.module.apikit.exception.NotFoundException" />
            <set-property propertyName="Content-Type" value="application/json" doc:name="Property"/>
            <set-payload value="{ &quot;message&quot;: &quot;Resource not found&quot; }" doc:name="Set Payload"/>
        </apikit:mapping>
        <apikit:mapping statusCode="405">
            <apikit:exception value="org.mule.module.apikit.exception.MethodNotAllowedException" />
            <set-property propertyName="Content-Type" value="application/json" doc:name="Property"/>
            <set-payload value="{ &quot;message&quot;: &quot;Method not allowed&quot; }" doc:name="Set Payload"/>
        </apikit:mapping>
        <apikit:mapping statusCode="415">
            <apikit:exception value="org.mule.module.apikit.exception.UnsupportedMediaTypeException" />
            <set-property propertyName="Content-Type" value="application/json" doc:name="Property"/>
            <set-payload value="{ &quot;message&quot;: &quot;Unsupported media type&quot; }" doc:name="Set Payload"/>
        </apikit:mapping>
        <apikit:mapping statusCode="406">
            <apikit:exception value="org.mule.module.apikit.exception.NotAcceptableException" />
            <set-property propertyName="Content-Type" value="application/json" doc:name="Property"/>
            <set-payload value="{ &quot;message&quot;: &quot;Not acceptable&quot; }" doc:name="Set Payload"/>
        </apikit:mapping>
        <apikit:mapping statusCode="400">
            <apikit:exception value="org.mule.module.apikit.exception.BadRequestException" />
            <set-property propertyName="Content-Type" value="application/json" doc:name="Property"/>
            <set-payload value="{ &quot;message&quot;: &quot;Bad request&quot; }" doc:name="Set Payload"/>
        </apikit:mapping>
        <apikit:mapping statusCode="500">
            <apikit:exception value="java.lang.Exception" />
            <set-property propertyName="Content-Type" value="application/json" doc:name="Property"/>
            <set-payload value="{ &quot;message&quot;: &quot;Internal server error&quot; }" doc:name="Set Payload"/>
        </apikit:mapping>
    </apikit:mapping-exception-strategy>
</mule>
