<?xml version="1.0" encoding="UTF-8"?>

<mule xmlns:http="http://www.mulesoft.org/schema/mule/http" xmlns:batch="http://www.mulesoft.org/schema/mule/batch" xmlns:tracking="http://www.mulesoft.org/schema/mule/ee/tracking" xmlns="http://www.mulesoft.org/schema/mule/core" xmlns:doc="http://www.mulesoft.org/schema/mule/documentation"
	xmlns:spring="http://www.springframework.org/schema/beans" 
	xmlns:xsi="http://www.w3.org/2001/XMLSchema-instance"
	xsi:schemaLocation="http://www.springframework.org/schema/beans http://www.springframework.org/schema/beans/spring-beans-current.xsd
http://www.mulesoft.org/schema/mule/core http://www.mulesoft.org/schema/mule/core/current/mule.xsd
http://www.mulesoft.org/schema/mule/http http://www.mulesoft.org/schema/mule/http/current/mule-http.xsd
http://www.mulesoft.org/schema/mule/ee/tracking http://www.mulesoft.org/schema/mule/ee/tracking/current/mule-tracking-ee.xsd
http://www.mulesoft.org/schema/mule/batch http://www.mulesoft.org/schema/mule/batch/current/mule-batch.xsd">
    <http:listener-config name="HTTP_Listener_Connector_Tester" host="0.0.0.0" port="8082" doc:name="HTTP Listener Configuration"/>
    <http:request-config name="HTTP_Request_Configuration" host="localhost" port="8081" doc:name="HTTP Request Configuration"/>
    <flow name="testerFlow">
        <http:listener config-ref="HTTP_Listener_Connector_Tester" path="/" doc:name="HTTP"/>
        <set-variable variableName="option" value="#[message.inboundProperties.'http.query.params'.q]" doc:name="Set Test Option"/>
        <choice doc:name="Choice">
            <when expression="#[flowVars.option == 'customers']">
                <http:request config-ref="HTTP_Request_Configuration" path="/api/customers" method="GET" doc:name="Get Customers"/>
            </when>
            <when expression="#[flowVars.option == 'customer']">
                <http:request config-ref="HTTP_Request_Configuration" path="/api/customers/1" method="GET" doc:name="Get Customer"/>
            </when>
            <when expression="#[flowVars.option == 'newCustomer']">
                <http:request config-ref="HTTP_Request_Configuration" path="/api/customers" method="POST" doc:name="New Customer">
                    <http:request-builder>
                        <http:header headerName="X-Tracker" value="12345678-1234-1234-1234-123456789012"/>
                    </http:request-builder>
                </http:request>
            </when>
            <otherwise>
                <logger message="Invalid option" level="INFO" doc:name="Logger"/>
            </otherwise>
        </choice>
        <response>
            <logger level="INFO" doc:name="Logger"/>
        </response>
    </flow>
</mule>
